<?xml version="1.0"?>
<!DOCTYPE hibernate-mapping PUBLIC "-//Hibernate/Hibernate Mapping DTD 3.0//EN"
"http://hibernate.sourceforge.net/hibernate-mapping-3.0.dtd">

<hibernate-mapping>
    <class name="com.skiandsnowrental.model.domain.Rental" table="rental" catalog="skiandsnowrental">
       <id name="Rate" type="text" column="rate">
         <generator class="assigned"/>
      </id>
        <property name="RentalType" type="java.lang.String">
            <column name="rentalType" />
        </property>
        <property name="ExtrasIncluded" type="java.lang.String">
            <column name="extrasIncluded" />
        </property>
    </class>
</hibernate-mapping>