<?xml version="1.0" encoding="UTF-8"?>
<!--Sample XML file generated by XMLSpy v2007 rel. 3 sp1 (http://www.altova.com)-->
<applicationproperties>

	<jdbc>	
		<url>jdbc:mysql://localhost:3306/skiandsnowrental</url>
		<user>root</user>
		<password>admin</password>
	</jdbc>
	<servicemapping>
		<service>
			<interface>IRentalService</interface>
			<implementation>com.skiandsnowrental.model.services.rentalservice.RentalServiceImpl</implementation>
		</service>
		<service>
			<interface>ICustomerService</interface>
			<implementation>com.skiandsnowrental.model.services.customerservice.CustomerServiceImpl</implementation>
		</service>
		<service>
			<interface>ISkiandSnowRentalDao</interface>
			<implementation>com.skiandsnowrental.model.dao.jdbc.SkiandSnowRentalJDBCDaoImpl</implementation>
		</service>		
	</servicemapping>
</applicationproperties>
